Ramadan,Seher,Iftar,Date
1,4:09 AM,6:25 PM,24-Apr-20
2,4:08 AM,6:25 PM,25-Apr-20
3,4:07 AM,6:26 PM,26-Apr-20
4,4:06 AM,6:26 PM,27-Apr-20
5,4:05 AM,6:26 PM,28-Apr-20
6,4:05 AM,6:27 PM,29-Apr-20
7,4:04 AM,6:27 PM,30-Apr-20
8,4:03 AM,6:28 PM,01-May-20
9,4:02 AM,6:28 PM,02-May-20
10,4:01 AM,6:29 PM,03-May-20
11,4:00 AM,6:29 PM,04-May-20
12,3:59 AM,6:30 PM,05-May-20
13,3:58 AM,6:30 PM,06-May-20
14,3:58 AM,6:31 PM,07-May-20
15,3:57 AM,6:31 PM,08-May-20
16,3:56 AM,6:32 PM,09-May-20
17,3:55 AM,6:32 PM,10-May-20
18,3:55 AM,6:33 PM,11-May-20
19,3:54 AM,6:33 PM,12-May-20
20,3:53 AM,6:34 PM,13-May-20
21,3:52 AM,6:34 PM,14-May-20
22,3:52 AM,6:35 PM,15-May-20
23,3:51 AM,6:35 PM,16-May-20
24,3:50 AM,6:36 PM,17-May-20
25,3:50 AM,6:36 PM,18-May-20
26,3:49 AM,6:36 PM,19-May-20
27,3:49 AM,6:37 PM,20-May-20
28,3:48 AM,6:37 PM,21-May-20
29,3:48 AM,6:38 PM,22-May-20
30,3:47 AM,6:38 PM,23-May-20
